flight_number,date_time_utc,rocket_configuration,launch_site,payload,payload_mass,orbit,user,launch_outcome,remarks
D1,20 September 1993 05:12,PSLV-G,First,IRS-1E,846 kg,,,Failure,Maiden flight ; Attitude control failure at second stage separation. [ 1 ]
D2,15 October 1994 05:05,PSLV-G,First,IRS-P2,804 kg,,,Success,[ 52 ]
D3,21 March 1996 04:53,PSLV-G,First,IRS-P3,920 kg,,,Success,[ 53 ]
C1,29 September 1997 04:47,PSLV-G,First,IRS-1D,1250 kg,,,Partial failure,First operational flight ; Fourth stage under-performed resulting in lower than planned orbit. Satellite used own propulsion to move to correct orbit. [ 54 ]
C2,26 May 1999 06:22,PSLV-G,First,Oceansat-1 DLR-Tubsat Kitsat-3,1050 kg 45 kg 107 kg,,,Success,2001–2005 [ edit ]
C3,22 October 2001 04:53,PSLV-G,First,TES PROBA BIRD,1108 kg 94 kg 92 kg,,,Success,"First multi-orbit mission. TES and BIRD were injected into a nominal 568 km circular sun-synchronous polar orbit , PROBA was injected into a 568 X 638 km elliptic orbit . Orbit was raised using RCS thrusters on fourth stage. [ 55 ] [ 56 ]"
C4,12 September 2002 10:23,PSLV-G,First,MetSat-1 (Kalpana-1),1060 kg,,,Success,"India's first launch to GTO . GTO payload capability has reached 1200 kg from 2002 onward, compared to 1050 kg previously. First use of lightweight carbon composite payload adapter. [ 57 ] [ 58 ] [ 59 ]"
C5,17 October 2003 04:52,PSLV-G,First,RESOURCESAT-1 (IRS-P6),1360 kg,,,Success,Payload capability had been progressively increased by more than 600 kg since the first PSLV launch. Launch took place despite heavy rain. [ 60 ] [ 61 ]
C6,5 May 2005 04:45,PSLV-G,Second,Cartosat-1 HAMSAT,1560 kg 42.5 kg,,,Success,2007 [ edit ]
C7,10 January 2007 03:54,PSLV-G,First,Cartosat-2 SRE-1 LAPAN-TUBsat PEHUENSAT-1,680 kg 500 kg 56 kg 6 kg,,,Success,"First flight of hardware upgrade , first launch of reentry capsule (SRE). [ 63 ]"
C8,23 April 2007 10:00,PSLV-CA,Second,AGILE AAM (attached to PS4),352 kg 185 kg,,,Success,2008 [ edit ]
C10,21 January 2008 03:45,PSLV-CA,First,TecSAR,295 kg,,,Success,ISRO's second commercial launch (foreign satellite as the main payload). [ 66 ] [ 67 ]
C9,28 April 2008 03:53,PSLV-CA,Second,Cartosat-2A IMS-1/TWSAT RUBIN-8 CanX-6/NTS CanX-2 CUTE-1.7 + APD II Delfi-C3 SEEDS-2 COMPASS-1 AAUSAT-II,690 kg 83 kg 8 kg 6.5 kg 3.5 kg 3 kg 2.2 kg 1 kg 1 kg 0.75 kg,,,Success,[ 68 ] [ 69 ]
C11,22 October 2008 00:52,PSLV-XL,Second,Chandrayaan-1,1380 kg,,,Success,2009 [ edit ]
C12,20 April 2009 01:15,PSLV-CA,Second,RISAT-2 ANUSAT,300 kg 40 kg,,,Success,"India's first radar imaging satellite, RISAT. [ 72 ] [ 73 ]"
C14,23 September 2009 06:21,PSLV-CA,First,Oceansat-2 Rubin 9.1 (attached to PS4) Rubin 9.2 (attached to PS4) SwissCube-1 BeeSat UWE-2 ITUpSAT1,960 kg 8 kg 8 kg 1 kg 1 kg 1 kg 1 kg,,,Success,"Rubin 9.1 and 9.2 intentionally remained attached to the fourth stage. SwissCube-1 was the first Swiss satellite, and ITUpSAT1 was the first satellite to be constructed in Turkey . [ 74 ] [ 75 ] [ 76 ] [ 77 ] [ 78 ] [ 79 ]"
C15,12 July 2010 03:52,PSLV-CA,First,Cartosat-2B ALSAT-2A AISSat-1 TIsat-1 STUDSAT,694 kg 117 kg 6.5 kg 1 kg 0.95 kg,,,Success,2011 [ edit ]
C16,20 April 2011 04:42,PSLV-G,First,ResourceSat-2 X-Sat YouthSat,1206 kg 106 kg 92 kg,,,Success,[ 87 ]
C17,15 July 2011 11:18,PSLV-XL,Second,GSAT-12,1410 kg,,,Success,First use of Vikram flight computer . [ 88 ] [ 89 ]
C18,12 October 2011 05:31,PSLV-CA,First,Megha-Tropiques SRMSAT Jugnu VesselSat-1,1000 kg 10.9 kg 3 kg 28.7 kg,,,Success,2012 [ edit ]
C19,26 April 2012 00:17,PSLV-XL,First,RISAT-1,1858 kg,,,Success,[ 92 ] [ 93 ]
C21,9 September 2012 04:23,PSLV-CA,First,SPOT-6 mRESINS (attached to PS4) PROITERES,720 kg 50 kg 15 kg,,,Success,2013 [ edit ]
C20,25 February 2013 12:31,PSLV-CA,First,SARAL Sapphire NEOSSat TUGSAT-1 UniBRITE-1 STRaND-1 AAUSAT3,409 kg 148 kg 74 kg 14 kg 14 kg 6.5 kg 0.8 kg,,,Success,TUGSAT-1 and UniBRITE were the first Austrian satellites. [ 96 ] [ 97 ] [ 98 ]
C22,1 July 2013 18:11,PSLV-XL,First,IRNSS-1A,1425 kg,,,Success,India's first regional navigation satellite. [ 19 ]
C25,5 November 2013 09:08,PSLV-XL,First,Mars Orbiter Mission,1350 kg,,,Success,2014 [ edit ]
C24,4 April 2014 11:44,PSLV-XL,First,IRNSS-1B,1432 kg,,,Success,India's second regional navigation satellite. [ 101 ] [ 102 ]
C23,30 June 2014 04:22,PSLV-CA,First,SPOT-7 CanX-4 CanX-5 AISAT VELOX-1,714 kg 15 kg 15 kg 14 kg 7 kg,,,Success,ISRO's fourth commercial launch (foreign satellite as the main payload). [ 103 ]
C26,16 October 2014 20:02,PSLV-XL,First,IRNSS-1C,1425.4 kg,,,Success,2015 [ edit ]
C27,28 March 2015 11:49,PSLV-XL,Second,IRNSS-1D,1425 kg,,,Success,Eighth PSLV-XL and fourth Navigation Satellite launch. [ 106 ]
C28,10 July 2015 16:28,PSLV-XL,First,UK-DMC3A UK-DMC3B UK-DMC3C CBNT-1 DeOrbitSail,447 kg 447 kg 447 kg 91 kg 7 kg,,,Success,First international customer for XL Variant. At the time it was the heaviest commercial mission (1439 kg) successfully accomplished using a launch vehicle assembled by ISRO. [ 107 ] [ 108 ] [ 109 ]
C30,28 September 2015 04:30,PSLV-XL,First,Astrosat LAPAN-A2 exactView 9 Lemur-2 #1 Joel Lemur-2 #2 Peter Lemur-2 #3 Jeroen Lemur-2 #4 Chris,1650 kg 68 kg 5.5 kg 4 kg 4 kg 4 kg 4 kg,,,Success,Launch of India's first dedicated multi-wavelength space observatory and ISRO's first launch of US satellites. [ 110 ]
C29,16 December 2015 12:30,PSLV-CA,First,TeLEOS-1 VELOX-C1 VELOX-II Kent Ridge-1 Galassia Athenoxat-1 [ 111 ] [ 112 ],400 kg 123 kg 13 kg 78 kg 3.4 kg 4.8 kg,,,Success,2016 [ edit ]
C31,20 January 2016 04:01,PSLV-XL,Second,IRNSS-1E,1425 kg,,,Success,"IRNSS-1E, fifth navigation satellite of the seven satellites constituting the IRNSS space segment launched. It carries two types of payloads – navigation payload and ranging payload. This is the eleventh time ""XL"" configuration is being flown. [ 115 ] [ 116 ] [ 117 ]"
C32,10 March 2016 10:31,PSLV-XL,Second,IRNSS-1F,1425 kg,,,Success,"IRNSS-1F, sixth navigation satellite of the seven satellites constituting the IRNSS space segment launched. It carries two types of payloads – navigation payload and ranging payload. This is the twelfth time ""XL"" configuration is being flown. IRNSS-1F carries Corner Cube Retroreflectors for laser ranging. [ 118 ] Launch initially scheduled for 10:30 was delayed by one minute to avoid space debris . [ 119 ]"
C33,28 April 2016 07:20,PSLV-XL,First,IRNSS-1G,1425 kg,,,Success,"IRNSS-1G, last navigation satellite of the seven satellites constituting the IRNSS space segment launched. India's own navigational system, the set-up for which was completed will be called NAVIC (Navigation with Indian Constellation) [ 120 ] [ 121 ] [ 122 ] [ 123 ] [ 124 ]"
C34,22 June 2016 03:55,PSLV-XL,Second,Cartosat-2C LAPAN-A3 BIROS SkySat Gen2-1 GHGSat-D M3MSat Swayam SathyabamaSat 12 × Flock-2P Dove (satellite),727.5 kg 120 kg 130 kg 110 kg 25.5 kg 85 kg 1 kg 1.5 kg 12 × 4.7 kg,,,Success,ISRO's Cartosat-2C and 19 other satellites launched. [ 125 ] [ 126 ] [ 127 ] [ 128 ] [ 129 ] [ 130 ]
C35,26 September 2016 03:42,PSLV-G,First,ScatSat-1 ALSAT-2B ALSAT-1B Pathfinder-1 Pratham CanX-7 (NLS-19) [ 131 ] ALSAT-1N PISat,371 kg 117 kg 103 kg 44 kg 10 kg 8 kg 7 kg 5.25 kg,,,Success,ISRO's longest PSLV satellite launch mission. First mission of PSLV in which it launched its payloads into two different orbits. [ 132 ] [ 133 ] [ 134 ] [ 135 ] [ 136 ] [ 137 ]
C36,7 December 2016 04:55,PSLV-XL,First,Resourcesat-2A,1235 kg,,,Success,2017 [ edit ]
C37,15 February 2017 03:58,PSLV-XL,First,Cartosat-2D INS-1A INS-1B Nayif-1 CubeSats Al Farabi-1 PEASSS BGUSAT DIDO-2 Doves Flock-3P Lemur-2,730 kg 8.4 kg 9.7 kg 1.1 kg 1.7 kg 3 kg 4.3 kg 4.2 kg 4.7 kg x 88 4.6 kg x 8,,,Success,PSLV-C37 successfully carried and deployed a record 104 satellites in the sun-synchronous orbit. [ 144 ] [ 145 ] [ 146 ] [ 147 ] [ 148 ] [ 149 ]
C38,23 June 2017 03:59 [ 150 ] [ 151 ],PSLV-XL,First,"Cartosat-2E [ 152 ] NIUSAT [ 153 ] CESAT-1 [ 154 ] Lemur-2 × 8 , , Blue, Red, Green Diamonds , Max Valier Sat [ 155 ] Venta-1 D-Sat [ 156 ] Aalto-1 COMPASS-2/Dragsail QB50 InflateSail QB50 URSA MAIOR QB50 LituanicaSAT-2 QB50 PEGASUS QB50 NUDTSat QB50 VZLUSAT1 QB50 UCLSat QB50 SUCHAI ROBUSTA-1B skCUBE CICERO-6 Tyvak-53b (PacSciSat [ 157 ] ) KickSat Sprites × 6 (All flown with Venta-1 and Max Valier Sat )",727 kg 15 kg 60 kg 4 kg x 8 18 kg 15 kg 7.5 kg 4.5 kg 4 kg 4 kg 4 kg 3 kg 4 kg 2 kg 2 kg 2 kg 2 kg 1 kg 1 kg 1 kg ? kg ? kg,,,Success,Post mission PSLV fourth stage (PS4) was lowered to 350 km altitude and carried Ionization Density and Electric field Analyzer (IDEA) payload by Space Physics Laboratory to measure electron density and electric field measurements in the F region of the ionosphere [ 158 ] [ 159 ] [ 160 ] [ 161 ] [ 162 ] [ 163 ]
C39,31 August 2017 13:30 [ 164 ] [ 165 ] [ 166 ],PSLV-XL,Second,IRNSS-1H,1425 kg,,,Failure,2018 [ edit ]
C40,12 January 2018 03:59,PSLV-XL,First,Cartosat-2F [ 171 ] MICROSAT-TD INS-1C [ 172 ] LEO-1 [ 173 ] Carbonite-2 aka (VividX2) ICEYE X1 Landmapper-BC3 Arkyd 6A CICERO-7 4 x Doves Flock-3p' [ 174 ] 4 x Lemur-2 [ 175 ] PicSat SIGMA ( KHUSAT -03) [ 176 ] CANYVAL-X (Tom and Jerry) CNUSail 1 KAUSAT 5 STEP Cube Lab MicroMAS-2 Fox-1D 4 x SpaceBEE [ 177 ] Tyvak-61C (GeoStare) [ 178 ] DemoSat-2,710 kg ~120 kg 11 kg 168 kg 100 kg ?? kg 10 kg 10 kg 10 kg 4 x ?? kg 4 x ?? kg 3.5 kg 3.8 kg 4 kg 4 kg 3.2 kg 1 kg 3.8 kg 1.5 kg 1.27 kg 4 kg ? kg,,,Success,[ 179 ] [ 180 ] [ 181 ] [ 182 ] [ 183 ] [ 184 ] [ 185 ]
C41,11 April 2018 22:34,PSLV-XL,First,IRNSS-1I,~1425 kg,sub GTO,,Success,[ 186 ] [ 187 ] [ 188 ] [ 189 ] [ 190 ] [ 191 ] [ 192 ] [ 193 ]
C42,16 September 2018 16:38,PSLV-CA,First,NovaSAR-S (445 kg) SSTL S1-4 (444 kg),889 kg,Low Earth,SSTL,Success,[ 194 ] [ 195 ] [ 196 ] [ 197 ] [ 198 ] [ 199 ]
C43,29 November 2018 04:28,PSLV-CA,First,HySIS [ 200 ] Doves × 16 (Flock 3r) Global-1 Lemur-2 × 4 HSAT-1 CICERO-8 Hiber-1 FACSAT-1 Innosat-2 Centauri-1 CASE Reaktor Hello World ³Cat-1,380 kg 16 x ?? kg 55 kg 4 x ?? kg 13 kg 10 kg ?? kg ?? kg 4 kg ?? ?? ?? 1.2 kg,Low Earth,,Success,2019 [ edit ]
C44,25 January 2019 18:07,PSLV-DL,First,Microsat-R Kalamsat V2 (attached to PS4),740 kg 1.2 kg,Low Earth,DRDO Space Kidz,Success,First flight of PSLV-DL variant. Propellant tank on fourth stage (PS4) made out of Aluminum alloy instead of Ti-6Al-4V . [ 211 ] [ 212 ] [ 213 ] [ 214 ] [ 215 ] [ 216 ] [ 217 ] [ 218 ]
C45,1 April 2019 03:57,PSLV-QL,Second,EMISAT Doves × 20 ( Flock 4a ) Lemur-2 × 4 M6P BlueWalker1 Aistechsat-3 Astrocast-2 ExseedSat-2 (attached to PS4) ARIS 101F (attached to PS4) [ 219 ] ISRO AIS payload (attached to PS4),436 kg 5.7 kg each 5.2 kg each 6.8 kg 10 kg 2.3 kg 3.8 kg ? kg 10 kg ? kg,Low Earth,DRDO,Success,Flight C45 . EMISAT (436 kg) and rideshares (220 kg) [ 220 ] [ 221 ] [ 222 ] [ 223 ] [ 224 ] [ 225 ] [ 226 ] [ 227 ] [ 228 ]
C46,22 May 2019 00:00,PSLV-CA,First,RISAT-2B,615 kg,Low Earth,,Success,Flight C46. RISAT-2B [ 229 ] [ 230 ] [ 231 ] [ 232 ] [ 233 ] [ 234 ] [ 235 ]
C47,27 November 2019 03:58,PSLV-XL,Second,Cartosat-3 Meshbed [ 236 ] SuperDoves × 12 ( Flock 4p ),"1,625 kg 4.5 kg ? kg",Low Earth,,Success,Semi-Conductor Laboratory fabricated Vikram 1601 processor used for first time in navigation computer of launch vehicle [ 237 ] after being test flown in redundant configuration [ 238 ] on PSLV C46 mission. [ 239 ] [ 240 ] [ 241 ]
C48,11 December 2019 09:55,PSLV-QL,First,"RISAT-2BR1 QPS SAR-1 ""Izanagi""「イザナギ」 [ 242 ] Lemur-2 × 4 [ 243 ] Duchifat-3 [ 244 ] 1HOPSAT [ 245 ] Tyvak-0129 [ 245 ] [ 246 ] Tyvak-0092 (COMMTRAIL/NANOVA) [ 247 ] [ 245 ] [ 248 ]",628 kg ~100 kg ? kg 2.3 kg 22 kg 11 kg 5 kg,Low Earth,,Success,Flight C48 - 50th Flight of PSLV. [ 229 ] [ 231 ] [ 249 ] [ 250 ] [ 251 ]
C49,7 November 2020 09:42,PSLV-DL,First,"EOS-01 (formerly RISAT-2BR2) Lemur-2 × 4 KSM-1A, 1B, 1C, 1D R2",630 kg [ 252 ] ? ? ?,Low Earth,,Success,Second flight of PSLV-DL variant. [ 229 ] [ 230 ] [ 231 ] [ 253 ] [ 254 ] [ 255 ] [ 256 ] [ 257 ] [ 258 ]
C50,17 December 2020 10:11,PSLV-XL,Second,GSAT-12R ( CMS-1 ),1425 kg [ 259 ],sub GTO,ISRO,Success,2021 [ edit ]
C51,28 February 2021 04:54,PSLV-DL,First,Amazônia-1 Satish Dhawan Sat SpaceBEE (×12) SAI-1 Nanoconnect-2 SindhuNetra UNITYSats (x3),637 kg 1.9 kg ~4 kg x 12 N/A 10 kg N/A,Low Earth,,Success,2022 [ edit ]
C52,14 Feb 2022 00:29,PSLV-XL,First,EOS-4/RISAT-1A INSPIRESat-1 INS-2TD,1710 kg 8.7 kg 17.5 kg,Low Earth,ISRO,Success,"Flight C52 , RISAT-1A satellite for Earth observation [ 231 ] [ 271 ] [ 272 ] [ 273 ] [ 274 ] [ 275 ]"
C53,30 June 2022 12:32 [ 276 ],PSLV-CA,Second,DS-EO NeuSAR SCOOB-I 6 × payloads on POEM-1,365 kg 155 kg 2.8 kg,Low Earth,DSTA,Success,Primary payload is DS-EO electro-optical satellite by Defence Science and Technology Agency with two other small satellites from Singapore to low Earth equatorial orbit. [ 277 ] It also carries the PSLV Orbital Experimental Module (POEM) that is attached to upper stage to carry in-orbit experiments and carries 6 hosted payloads.
C54,26 November 2022 06:26 [ 278 ] [ 279 ],PSLV-XL,First,Oceansat-3 /EOS-6 4× Astrocast-2 BhutanSat (aka INS-2B) Pixxel TD-1 Anand Thybolt 1 & Thybolt 2,1117 kg 17.92 kg 18.28 kg 16.51 kg 1.45 kg,Low Earth,ISRO,Success,2023 [ edit ]
C55,22 April 2023 08:50 [ 283 ] [ 284 ],PSLV-CA,First,TeLEOS-2 Lumelite-4 7 × payloads on POEM-2,741 kg 16 kg,Low Earth,DSTA,Success,"Flight C55 , commercial launch by NSIL. First launch operation of a rocket partially assembled at PSLV Integration Facility (PIF) [ 285 ] First flight of PSLV-CA without Aerodynamic Stabiliser (AST) modules. [ 286 ] [ 287 ]"
C56,30 July 2023 01:01 [ 288 ] [ 289 ],PSLV-CA,First,DS-SAR Arcade Velox-AM ORB-12 STRIDER Galassia-2 SCOOB-II NuLIon,360 kg 50 kg,Low Earth,DSTA,Success,Flight C56. [ 290 ] [ 291 ]
C57,2 September 2023 06:20 [ 292 ],PSLV-XL,Second,Aditya-L1,1480.7 kg,Halo orbit,ISRO,Success,2024 [ edit ]
C58,1 January 2024 03:40 [ 295 ] [ 296 ],PSLV-DL,First,XPoSat 10 × payloads on POEM-3,741 kg 16 kg,Low Earth,ISRO,Success,Flight C58 . [ 297 ] [ 298 ] [ 299 ] [ 300 ]
C59,5 December 2024 10:34 [ 301 ],PSLV-XL,First,PROBA-3 Occulter and Coronagraph,550 kg,Highly elliptical,ESA,Success,"Flight C59 , commercial launch by NSIL. Proba-3 is a dual probe technology demonstration mission by the ESA for solar coronagraphy ."
C60,30 December 2024 16:30,PSLV-CA,First,SPADEX (Chaser + Target) 24 × payloads on POEM-4,440 kg,Low Earth,ISRO,Success,2025 [ edit ]
C61,18 May 2025 00:29,PSLV-XL,First,EOS-09 ( RISAT-1B ),"1,696 kg",Low Earth,ISRO,Failure,2026 [ edit ]
C62,12 January 2026 04:48:30,PSLV-DL,First,EOS-N1 KID Capsule Theos-2 Munal CGUSAT DSUSAT MOI-1 LACHIT Thybolt-3 Sanskarsat AyulSat GalaxySat-1 ( Galaxy Explorer ) Edusat Uaisat Orbital Temple Aldebaran-1,,Low Earth,DRDO,Failure,"A satellite for On-orbit inspection demonstration that will image and diagnose a large, defunct satellite in space. [ 315 ]"
