flight_number,rocket_type,launch_success,outcome_category,outcome_encoded,launch_datetime,launch_year,launch_month,launch_day_of_week,launch_hour,launch_quarter,days_since_previous_launch,years_since_first_launch,rocket_type_encoded,launch_site_encoded,orbit_encoded,rocket_config_encoded,launch_time_encoded,payload_mass_kg,payload_count,payload_complexity,payload_mass_normalized,is_multi_payload,payload_risk_score,experience_index,configuration_maturity,launch_frequency,is_monsoon_season
D1,PSLV,0,Failure,0,1993-09-20 05:12:00,1993.0,9.0,0.0,5.0,3.0,0.0,0.0,0,0,3,5,3,846.0,1,0.547,0.354,0,0.325,1,1.0,1.0,1
D2,PSLV,1,Success,2,1994-10-15 05:05:00,1994.0,10.0,5.0,5.0,4.0,389.0,1.065,0,0,3,5,3,804.0,1,0.535,0.336,0,0.315,2,2.0,1.0,0
D3,PSLV,1,Success,2,1996-03-21 04:53:00,1996.0,3.0,3.0,4.0,1.0,522.0,2.497,0,0,3,5,3,920.0,1,0.569,0.384,0,0.343,3,3.0,1.0,0
C1,PSLV,0,Partial,1,1997-09-29 04:47:00,1997.0,9.0,0.0,4.0,3.0,556.0,4.022,0,0,3,5,3,1250.0,1,0.666,0.522,0,0.423,4,4.0,1.0,1
C2,PSLV,1,Success,2,1999-05-26 06:22:00,1999.0,5.0,2.0,6.0,2.0,604.0,5.678,0,0,3,5,0,1202.0,1,0.652,0.502,0,0.411,5,5.0,1.0,0
D1,GSLV,0,Partial,1,2001-04-18 10:13:00,2001.0,4.0,2.0,10.0,2.0,0.0,7.576,1,0,0,1,0,1540.0,1,0.75,0.644,0,0.493,1,1.0,1.0,0
C3,PSLV,1,Success,2,2001-10-22 04:53:00,2001.0,10.0,0.0,4.0,4.0,879.0,8.085,0,0,3,5,3,1294.0,1,0.679,0.541,0,0.434,6,6.0,1.0,0
C4,PSLV,1,Success,2,2002-09-12 10:23:00,2002.0,9.0,3.0,10.0,3.0,325.0,8.977,0,0,3,5,0,1060.0,1,0.61,0.443,0,0.377,7,7.0,1.0,1
D2,GSLV,1,Success,2,2003-05-08 11:28:00,2003.0,5.0,3.0,11.0,2.0,750.0,9.629,1,0,0,1,0,1825.0,1,0.834,0.763,0,0.562,2,2.0,1.0,0
C5,PSLV,1,Success,2,2003-10-17 04:52:00,2003.0,10.0,4.0,4.0,4.0,399.0,10.07,0,0,3,5,3,1360.0,1,0.698,0.568,0,0.45,8,8.0,1.0,0
F01,GSLV,1,Success,2,2004-09-20 10:31:00,2004.0,9.0,0.0,10.0,3.0,500.0,11.001,1,0,0,1,0,1950.0,1,0.87,0.815,0,0.593,3,3.0,1.0,1
C6,PSLV,1,Success,2,2005-05-05 04:45:00,2005.0,5.0,3.0,4.0,2.0,565.0,11.619,0,2,3,5,3,1602.5,1,0.769,0.67,0,0.508,9,9.0,1.0,0
F02,GSLV,0,Failure,0,2006-07-10 12:08:00,2006.0,7.0,0.0,12.0,3.0,658.0,12.802,1,2,0,1,1,2168.0,1,0.934,0.906,0,0.645,4,4.0,1.0,1
C7,PSLV,1,Success,2,2007-01-10 03:54:00,2007.0,1.0,2.0,3.0,1.0,614.0,13.303,0,0,3,5,3,1242.0,1,0.663,0.519,0,0.421,10,10.0,1.0,0
C8,PSLV,1,Success,2,2007-04-23 10:00:00,2007.0,4.0,0.0,10.0,2.0,103.0,13.588,0,2,3,3,0,537.0,1,0.457,0.224,0,0.25,11,1.0,2.0,0
F04,GSLV,0,Partial,1,2007-09-02 12:51:00,2007.0,9.0,6.0,12.0,3.0,419.0,13.949,1,2,0,1,1,2160.0,1,0.932,0.903,0,0.644,5,5.0,1.0,1
C10,PSLV,1,Success,2,2008-01-21 03:45:00,2008.0,1.0,0.0,3.0,1.0,272.0,14.333,0,0,3,3,3,295.0,1,0.386,0.123,0,0.192,12,2.0,1.0,0
C9,PSLV,1,Success,2,2008-04-28 03:53:00,2008.0,4.0,0.0,3.0,2.0,98.0,14.601,0,2,3,3,3,798.95,1,0.534,0.334,0,0.314,13,3.0,2.0,0
C11,PSLV,1,Success,2,2008-10-22 00:52:00,2008.0,10.0,2.0,0.0,4.0,176.0,15.086,0,2,3,7,3,1380.0,1,0.704,0.577,0,0.454,14,1.0,3.0,0
C12,PSLV,1,Success,2,2009-04-20 01:15:00,2009.0,4.0,0.0,1.0,2.0,180.0,15.578,0,2,3,3,3,340.0,1,0.399,0.142,0,0.202,15,4.0,1.0,0
C14,PSLV,1,Success,2,2009-09-23 06:21:00,2009.0,9.0,2.0,6.0,3.0,156.0,16.008,0,0,3,3,0,980.0,1,0.587,0.41,0,0.358,16,5.0,2.0,1
D3,GSLV,0,Failure,0,2010-04-15 10:57:00,2010.0,4.0,3.0,10.0,2.0,955.0,16.567,1,2,0,2,0,2220.0,1,0.949,0.928,0,0.658,6,1.0,1.0,0
C15,PSLV,1,Success,2,2010-07-12 03:52:00,2010.0,7.0,0.0,3.0,3.0,291.0,16.805,0,0,3,3,3,819.45,1,0.54,0.342,0,0.319,17,6.0,1.0,1
F06,GSLV,0,Failure,0,2010-12-25 10:34:00,2010.0,12.0,5.0,10.0,4.0,253.0,17.262,1,2,0,1,0,2310.0,1,0.976,0.965,0,0.68,7,6.0,2.0,0
C16,PSLV,1,Success,2,2011-04-20 04:42:00,2011.0,4.0,2.0,4.0,2.0,282.0,17.577,0,0,3,5,3,1404.0,1,0.711,0.587,0,0.46,18,11.0,1.0,0
C17,PSLV,1,Success,2,2011-07-15 11:18:00,2011.0,7.0,4.0,11.0,3.0,86.0,17.815,0,2,3,7,0,1410.0,1,0.712,0.589,0,0.462,19,2.0,2.0,1
C18,PSLV,1,Success,2,2011-10-12 05:31:00,2011.0,10.0,2.0,5.0,4.0,88.0,18.059,0,0,3,3,3,1042.6,1,0.605,0.436,0,0.373,20,7.0,3.0,0
C19,PSLV,1,Success,2,2012-04-26 00:17:00,2012.0,4.0,3.0,0.0,2.0,196.0,18.595,0,0,3,7,3,1858.0,1,0.844,0.776,0,0.57,21,3.0,1.0,0
C21,PSLV,1,Success,2,2012-09-09 04:23:00,2012.0,9.0,6.0,4.0,3.0,136.0,18.968,0,0,3,3,3,785.0,1,0.53,0.328,0,0.31,22,8.0,2.0,1
C20,PSLV,1,Success,2,2013-02-25 12:31:00,2013.0,2.0,0.0,12.0,1.0,169.0,19.433,0,0,3,3,1,666.3,1,0.495,0.278,0,0.281,23,9.0,1.0,0
C22,PSLV,1,Success,2,2013-07-01 18:11:00,2013.0,7.0,0.0,18.0,3.0,126.0,19.778,0,0,3,7,2,1425.0,1,0.717,0.595,0,0.465,24,4.0,2.0,1
C25,PSLV,1,Success,2,2013-11-05 09:08:00,2013.0,11.0,1.0,9.0,4.0,126.0,20.126,0,0,3,7,0,1350.0,1,0.695,0.564,0,0.447,25,5.0,3.0,0
D5,GSLV,1,Success,2,2014-01-05 10:48:00,2014.0,1.0,6.0,10.0,1.0,1107.0,20.293,1,2,0,2,0,1980.0,1,0.879,0.827,0,0.6,8,2.0,1.0,0
C24,PSLV,1,Success,2,2014-04-04 11:44:00,2014.0,4.0,4.0,11.0,2.0,150.0,20.537,0,0,3,7,0,1432.0,1,0.719,0.598,0,0.467,26,6.0,1.0,0
C23,PSLV,1,Success,2,2014-06-30 04:22:00,2014.0,6.0,0.0,4.0,2.0,86.0,20.772,0,0,3,3,3,765.0,1,0.524,0.32,0,0.305,27,10.0,2.0,1
C26,PSLV,1,Success,2,2014-10-16 20:02:00,2014.0,10.0,3.0,20.0,4.0,108.0,21.07,0,0,3,7,2,1425.4,1,0.717,0.596,0,0.465,28,7.0,3.0,0
LVM3-X,LVM3,1,Success,2,2014-12-18 04:00:00,2014.0,12.0,3.0,4.0,4.0,0.0,21.24,2,1,3,-1,3,1250.0,3,1.266,0.522,1,0.963,1,,1.0,0
C27,PSLV,1,Success,2,2015-03-28 11:49:00,2015.0,3.0,5.0,11.0,1.0,162.0,21.517,0,2,3,7,0,1425.0,1,0.717,0.595,0,0.465,29,8.0,1.0,0
C28,PSLV,1,Success,2,2015-07-10 16:28:00,2015.0,7.0,4.0,16.0,3.0,104.0,21.802,0,0,3,7,1,1439.0,1,0.721,0.601,0,0.469,30,9.0,2.0,1
D6,GSLV,1,Success,2,2015-08-27 11:22:00,2015.0,8.0,3.0,11.0,3.0,599.0,21.933,1,2,0,2,0,2117.0,1,0.919,0.885,0,0.633,9,3.0,1.0,1
C30,PSLV,1,Success,2,2015-09-28 04:30:00,2015.0,9.0,0.0,4.0,3.0,79.0,22.018,0,0,3,7,3,1739.5,1,0.809,0.727,0,0.542,31,10.0,3.0,1
C29,PSLV,1,Success,2,2015-12-16 12:30:00,2015.0,12.0,2.0,12.0,4.0,79.0,22.237,0,0,3,3,1,622.2,1,0.482,0.26,0,0.271,32,11.0,4.0,0
C31,PSLV,1,Success,2,2016-01-20 04:01:00,2016.0,1.0,2.0,4.0,1.0,34.0,22.33,0,2,3,7,3,1425.0,1,0.717,0.595,0,0.465,33,11.0,1.0,0
C32,PSLV,1,Success,2,2016-03-10 10:31:00,2016.0,3.0,3.0,10.0,1.0,50.0,22.47,0,2,3,7,0,1425.0,1,0.717,0.595,0,0.465,34,12.0,2.0,0
C33,PSLV,1,Success,2,2016-04-28 07:20:00,2016.0,4.0,3.0,7.0,2.0,48.0,22.604,0,0,3,7,0,1425.0,1,0.717,0.595,0,0.465,35,13.0,3.0,0
C34,PSLV,1,Success,2,2016-06-22 03:55:00,2016.0,6.0,2.0,3.0,2.0,54.0,22.752,0,2,3,7,3,1217.2,1,0.656,0.509,0,0.415,36,14.0,4.0,1
F05,GSLV,1,Success,2,2016-09-08 11:20:00,2016.0,9.0,3.0,11.0,3.0,377.0,22.968,1,2,0,0,0,2211.0,1,0.947,0.924,0,0.656,10,1.0,1.0,1
C35,PSLV,1,Success,2,2016-09-26 03:42:00,2016.0,9.0,0.0,3.0,3.0,95.0,23.014,0,0,3,5,3,665.25,1,0.495,0.278,0,0.281,37,12.0,5.0,1
C36,PSLV,1,Success,2,2016-12-07 04:55:00,2016.0,12.0,2.0,4.0,4.0,72.0,23.211,0,0,3,7,3,1235.0,1,0.661,0.516,0,0.419,38,15.0,6.0,0
C37,PSLV,1,Success,2,2017-02-15 03:58:00,2017.0,2.0,2.0,3.0,1.0,69.0,23.403,0,0,3,7,3,867.7,1,0.554,0.363,0,0.33,39,16.0,1.0,0
F09,GSLV,1,Success,2,2017-05-05 11:27:00,2017.0,5.0,4.0,11.0,2.0,239.0,23.622,1,2,0,2,0,2230.0,1,0.952,0.932,0,0.66,11,4.0,1.0,0
LVM3-D1,LVM3,1,Success,2,2017-06-05 11:58:00,2017.0,6.0,0.0,11.0,2.0,900.0,23.707,2,1,0,-1,0,1250.0,3,1.266,0.522,1,0.963,2,,1.0,1
C40,PSLV,1,Success,2,2018-01-12 03:59:00,2018.0,1.0,4.0,3.0,1.0,331.0,24.309,0,0,3,7,3,1177.07,1,0.644,0.492,0,0.405,40,17.0,1.0,0
F08,GSLV,1,Success,2,2018-03-29 11:26:00,2018.0,3.0,3.0,11.0,1.0,327.0,24.52,1,2,0,2,0,2140.0,1,0.926,0.894,0,0.639,12,5.0,1.0,0
C41,PSLV,1,Success,2,2018-04-11 22:34:00,2018.0,4.0,2.0,22.0,2.0,89.0,24.556,0,0,0,7,2,1425.0,1,0.717,0.595,0,0.465,41,18.0,2.0,0
C42,PSLV,1,Success,2,2018-09-16 16:38:00,2018.0,9.0,6.0,16.0,3.0,157.0,24.988,0,0,1,3,1,889.0,1,0.56,0.372,0,0.335,42,12.0,3.0,1
LVM3-D2,LVM3,1,Success,2,2018-11-14 11:38:00,2018.0,11.0,2.0,11.0,4.0,526.0,25.15,2,1,0,-1,0,1250.0,3,1.266,0.522,1,0.963,3,,1.0,0
C43,PSLV,1,Success,2,2018-11-29 04:28:00,2018.0,11.0,3.0,4.0,4.0,73.0,25.188,0,0,1,3,3,483.2,1,0.441,0.202,0,0.237,43,13.0,4.0,0
F11,GSLV,1,Success,2,2018-12-19 10:40:00,2018.0,12.0,2.0,10.0,4.0,264.0,25.246,1,2,0,2,0,2250.0,1,0.958,0.94,0,0.665,13,6.0,2.0,0
C44,PSLV,1,Success,2,2019-01-25 18:07:00,2019.0,1.0,4.0,18.0,1.0,57.0,25.347,0,0,1,4,2,741.2,1,0.517,0.31,0,0.3,44,1.0,1.0,0
C45,PSLV,1,Success,2,2019-04-01 03:57:00,2019.0,4.0,0.0,3.0,2.0,65.0,25.525,0,2,1,6,3,479.8,1,0.44,0.201,0,0.236,45,1.0,2.0,0
C46,PSLV,1,Success,2,2019-05-22 00:00:00,2019.0,5.0,2.0,0.0,2.0,50.0,25.665,0,0,1,3,3,615.0,1,0.48,0.257,0,0.269,46,14.0,3.0,0
LVM3-M1,LVM3,1,Success,2,2019-07-22 09:13:00,2019.0,7.0,0.0,9.0,3.0,249.0,25.834,2,1,3,-1,0,1250.0,3,1.266,0.522,1,0.963,4,,1.0,1
C47,PSLV,1,Success,2,2019-11-27 03:58:00,2019.0,11.0,2.0,3.0,4.0,189.0,26.182,0,2,1,7,3,630.5,1,0.484,0.263,0,0.273,47,19.0,4.0,0
C48,PSLV,1,Success,2,2019-12-11 09:55:00,2019.0,12.0,2.0,9.0,4.0,14.0,26.223,0,0,1,6,0,768.3,1,0.525,0.321,0,0.306,48,2.0,5.0,0
C49,PSLV,1,Success,2,2020-11-07 09:42:00,2020.0,11.0,5.0,9.0,4.0,331.0,27.132,0,0,1,4,0,882.0,4,1.458,0.369,1,0.994,49,2.0,1.0,0
C50,PSLV,1,Success,2,2020-12-17 10:11:00,2020.0,12.0,3.0,10.0,4.0,40.0,27.242,0,2,0,7,0,1684.0,1,0.793,0.704,0,0.528,50,20.0,2.0,0
C51,PSLV,1,Success,2,2021-02-28 04:54:00,2021.0,2.0,6.0,4.0,1.0,72.0,27.439,0,0,1,4,3,664.9,1,0.494,0.278,0,0.281,51,3.0,1.0,0
C52,PSLV,1,Success,2,2022-02-14 00:29:00,2022.0,2.0,0.0,0.0,1.0,350.0,28.4,0,0,1,7,3,1736.2,1,0.808,0.726,0,0.541,52,21.0,1.0,0
LVM3-M2,LVM3,1,Success,2,2022-10-22 18:37:00,2022.0,10.0,5.0,18.0,4.0,1188.0,29.087,2,1,1,-1,2,1250.0,3,1.266,0.522,1,0.963,5,,1.0,0
LVM3-M3,LVM3,1,Success,2,2023-03-26 03:30:00,2023.0,3.0,6.0,3.0,1.0,154.0,29.509,2,1,1,-1,3,1250.0,3,1.266,0.522,1,0.963,6,,1.0,0
LVM3-M4,LVM3,1,Success,2,2023-07-14 09:05:00,2023.0,7.0,4.0,9.0,3.0,110.0,29.812,2,1,3,-1,0,1250.0,3,1.266,0.522,1,0.963,7,,2.0,1
F14,GSLV,1,Success,2,2024-02-17 12:05:00,2024.0,2.0,5.0,12.0,1.0,1886.0,30.409,1,2,0,2,1,2275.0,1,0.965,0.951,0,0.671,14,7.0,1.0,0
C60,PSLV,1,Success,2,2024-12-30 16:30:00,2024.0,12.0,0.0,16.0,4.0,1050.0,31.277,0,0,1,3,1,440.0,1,0.429,0.184,0,0.227,53,15.0,1.0,0
C61,PSLV,0,Failure,0,2025-05-18 00:29:00,2025.0,5.0,6.0,0.0,2.0,138.0,31.655,0,0,1,7,3,697.0,1,0.504,0.291,0,0.289,54,22.0,1.0,0
LVM3-M5,LVM3,1,Success,2,2025-11-02 11:56:00,2025.0,11.0,6.0,11.0,4.0,842.0,32.118,2,1,0,-1,0,1250.0,3,1.266,0.522,1,0.963,8,,1.0,0
LVM3-M6,LVM3,1,Success,2,2025-12-24 03:25:00,2025.0,12.0,2.0,3.0,4.0,51.0,32.257,2,1,1,-1,3,1250.0,3,1.266,0.522,1,0.963,9,,2.0,0
C62,PSLV,0,Failure,0,2026-01-12 04:48:30,2026.0,1.0,0.0,4.0,1.0,239.0,32.309,0,0,1,4,3,1250.0,1,0.666,0.522,0,0.423,55,4.0,1.0,0
F10,GSLV,0,Failure,0,,2026.0,1.0,0.0,4.0,1.0,0.0,,1,2,0,2,-1,2268.0,1,0.963,0.948,0,0.67,15,8.0,,0
F12,GSLV,1,Success,2,,2026.0,1.0,0.0,4.0,1.0,0.0,,1,2,0,2,-1,2232.0,1,0.953,0.933,0,0.661,16,9.0,,0
F15,GSLV,1,Success,2,,2026.0,1.0,0.0,4.0,1.0,0.0,,1,2,0,2,-1,2250.0,1,0.958,0.94,0,0.665,17,10.0,,0
F16,GSLV,1,Success,2,,2026.0,1.0,0.0,4.0,1.0,0.0,,1,2,2,2,-1,2393.0,1,1.0,1.0,0,0.7,18,11.0,,0
C38,PSLV,1,Success,2,,2026.0,1.0,0.0,4.0,1.0,0.0,,0,0,3,7,-1,889.0,6,2.06,0.372,1,1.235,56,23.0,,0
C39,PSLV,0,Failure,0,,2026.0,1.0,0.0,4.0,1.0,0.0,,0,2,3,7,-1,1425.0,1,0.717,0.595,0,0.465,57,24.0,,0
C53,PSLV,1,Success,2,,2026.0,1.0,0.0,4.0,1.0,0.0,,0,2,1,3,-1,522.8,1,0.453,0.218,0,0.247,58,16.0,,0
C54,PSLV,1,Success,2,,2026.0,1.0,0.0,4.0,1.0,0.0,,0,0,1,7,-1,1171.16,1,0.643,0.489,0,0.404,59,25.0,,0
C55,PSLV,1,Success,2,,2026.0,1.0,0.0,4.0,1.0,0.0,,0,0,1,3,-1,757.0,1,0.521,0.316,0,0.303,60,17.0,,0
C56,PSLV,1,Success,2,,2026.0,1.0,0.0,4.0,1.0,0.0,,0,0,1,3,-1,410.0,1,0.42,0.171,0,0.219,61,18.0,,0
C57,PSLV,1,Success,2,,2026.0,1.0,0.0,4.0,1.0,0.0,,0,2,3,7,-1,1480.7,1,0.733,0.619,0,0.479,62,26.0,,0
C58,PSLV,1,Success,2,,2026.0,1.0,0.0,4.0,1.0,0.0,,0,0,1,4,-1,757.0,1,0.521,0.316,0,0.303,63,5.0,,0
C59,PSLV,1,Success,2,,2026.0,1.0,0.0,4.0,1.0,0.0,,0,0,3,7,-1,550.0,1,0.461,0.23,0,0.253,64,27.0,,0
